gameId,sport,homeTeam,awayTeam,gameDate,status,marketAddress,openLine,bettingOpensAt,notes,approved
NFL-2026-08-06-HOME-Panthers-AWAY-Cardinals,NFL,Panthers,Cardinals,2026-08-07T00:00:00Z,expired,,,2026-08-04T12:00:00Z,Hall of Fame Game,
NFL-2026-08-13-HOME-Bengals-AWAY-Lions,NFL,Bengals,Lions,2026-08-13T23:00:00Z,coming_soon,,,2026-08-11T12:00:00Z,preseason wk1,
NFL-2026-08-13-HOME-Steelers-AWAY-Packers,NFL,Steelers,Packers,2026-08-13T23:00:00Z,coming_soon,,,2026-08-11T12:00:00Z,preseason wk1,
NFL-2026-08-13-HOME-Patriots-AWAY-Colts,NFL,Patriots,Colts,2026-08-13T23:30:00Z,coming_soon,,,2026-08-11T12:00:00Z,preseason wk1,
NFL-2026-08-13-HOME-Texans-AWAY-Chargers,NFL,Texans,Chargers,2026-08-14T00:00:00Z,coming_soon,,,2026-08-11T12:00:00Z,preseason wk1,
NFL-2026-08-13-HOME-Raiders-AWAY-Cardinals,NFL,Raiders,Cardinals,2026-08-14T00:00:00Z,coming_soon,,,2026-08-11T12:00:00Z,preseason wk1,
NFL-2026-08-13-HOME-49ers-AWAY-Titans,NFL,49ers,Titans,2026-08-14T01:00:00Z,coming_soon,,,2026-08-11T12:00:00Z,preseason wk1,
NFL-2026-08-14-HOME-Falcons-AWAY-Broncos,NFL,Falcons,Broncos,2026-08-14T23:00:00Z,coming_soon,,,2026-08-11T12:00:00Z,preseason wk1,
NFL-2026-08-14-HOME-Jets-AWAY-Buccaneers,NFL,Jets,Buccaneers,2026-08-14T23:00:00Z,coming_soon,,,2026-08-11T12:00:00Z,preseason wk1,
NFL-2026-08-14-HOME-Commanders-AWAY-Dolphins,NFL,Commanders,Dolphins,2026-08-14T23:00:00Z,coming_soon,,,2026-08-11T12:00:00Z,preseason wk1,
NFL-2026-08-15-HOME-Bills-AWAY-Panthers,NFL,Bills,Panthers,2026-08-15T17:00:00Z,coming_soon,,,2026-08-11T12:00:00Z,preseason wk1,
NFL-2026-08-15-HOME-Bears-AWAY-Browns,NFL,Bears,Browns,2026-08-15T17:00:00Z,coming_soon,,,2026-08-11T12:00:00Z,preseason wk1,
NFL-2026-08-15-HOME-Giants-AWAY-Vikings,NFL,Giants,Vikings,2026-08-15T17:00:00Z,coming_soon,,,2026-08-11T12:00:00Z,preseason wk1,
NFL-2026-08-15-HOME-Chiefs-AWAY-Rams,NFL,Chiefs,Rams,2026-08-15T20:00:00Z,coming_soon,,,2026-08-11T12:00:00Z,preseason wk1,
NFL-2026-08-15-HOME-Saints-AWAY-Jaguars,NFL,Saints,Jaguars,2026-08-15T20:00:00Z,coming_soon,,,2026-08-11T12:00:00Z,preseason wk1,
NFL-2026-08-15-HOME-Ravens-AWAY-Eagles,NFL,Ravens,Eagles,2026-08-15T23:00:00Z,coming_soon,,,2026-08-11T12:00:00Z,preseason wk1,
NFL-2026-08-15-HOME-Seahawks-AWAY-Cowboys,NFL,Seahawks,Cowboys,2026-08-16T00:00:00Z,coming_soon,,,2026-08-11T12:00:00Z,preseason wk1,yes
NFL-2026-08-20-HOME-Texans-AWAY-Raiders,NFL,Texans,Raiders,2026-08-21T00:00:00Z,coming_soon,,,2026-08-18T12:00:00Z,preseason wk2,
NFL-2026-08-20-HOME-Chargers-AWAY-49ers,NFL,Chargers,49ers,2026-08-21T02:00:00Z,coming_soon,,,2026-08-18T12:00:00Z,preseason wk2,
NFL-2026-08-21-HOME-Steelers-AWAY-Jets,NFL,Steelers,Jets,2026-08-21T23:00:00Z,coming_soon,,,2026-08-18T12:00:00Z,preseason wk2,
NFL-2026-08-21-HOME-Jaguars-AWAY-Panthers,NFL,Jaguars,Panthers,2026-08-21T23:30:00Z,coming_soon,,,2026-08-18T12:00:00Z,preseason wk2,
NFL-2026-08-21-HOME-Broncos-AWAY-Packers,NFL,Broncos,Packers,2026-08-22T01:00:00Z,coming_soon,,,2026-08-18T12:00:00Z,preseason wk2,
NFL-2026-08-22-HOME-Lions-AWAY-Commanders,NFL,Lions,Commanders,2026-08-22T16:00:00Z,open,0x8f73BCd155beEc2b2EA3AD042EB3Ea6936ad1B89,,2026-08-18T12:00:00Z,preseason wk2,yes
NFL-2026-08-22-HOME-Browns-AWAY-Bills,NFL,Browns,Bills,2026-08-22T17:00:00Z,coming_soon,,,2026-08-18T12:00:00Z,preseason wk2,
NFL-2026-08-22-HOME-Colts-AWAY-Falcons,NFL,Colts,Falcons,2026-08-22T17:00:00Z,coming_soon,,,2026-08-18T12:00:00Z,preseason wk2,
NFL-2026-08-22-HOME-Vikings-AWAY-Ravens,NFL,Vikings,Ravens,2026-08-22T17:00:00Z,coming_soon,,,2026-08-18T12:00:00Z,preseason wk2,
NFL-2026-08-22-HOME-Rams-AWAY-Saints,NFL,Rams,Saints,2026-08-22T20:00:00Z,coming_soon,,,2026-08-18T12:00:00Z,preseason wk2,
NFL-2026-08-22-HOME-Dolphins-AWAY-Giants,NFL,Dolphins,Giants,2026-08-22T20:00:00Z,coming_soon,,,2026-08-18T12:00:00Z,preseason wk2,
NFL-2026-08-22-HOME-Bengals-AWAY-Bears,NFL,Bengals,Bears,2026-08-22T23:00:00Z,coming_soon,,,2026-08-18T12:00:00Z,preseason wk2,
NFL-2026-08-22-HOME-Patriots-AWAY-Eagles,NFL,Patriots,Eagles,2026-08-22T23:00:00Z,coming_soon,,,2026-08-18T12:00:00Z,preseason wk2,
NFL-2026-08-22-HOME-Buccaneers-AWAY-Chiefs,NFL,Buccaneers,Chiefs,2026-08-22T23:30:00Z,coming_soon,,,2026-08-18T12:00:00Z,preseason wk2,
NFL-2026-08-22-HOME-Cardinals-AWAY-Cowboys,NFL,Cardinals,Cowboys,2026-08-23T02:00:00Z,coming_soon,,,2026-08-18T12:00:00Z,preseason wk2,
NFL-2026-08-23-HOME-Titans-AWAY-Seahawks,NFL,Titans,Seahawks,2026-08-24T00:00:00Z,open,0xf2f5963b770371Dd9ca796E40cb7d000734780Bc,,2026-08-18T12:00:00Z,preseason wk2,yes
NFL-2026-08-27-HOME-Bills-AWAY-Steelers,NFL,Bills,Steelers,2026-08-27T23:00:00Z,coming_soon,,,2026-08-25T12:00:00Z,preseason wk3,
NFL-2026-08-27-HOME-Browns-AWAY-Patriots,NFL,Browns,Patriots,2026-08-28T00:00:00Z,coming_soon,,,2026-08-25T12:00:00Z,preseason wk3,
NFL-2026-08-27-HOME-Raiders-AWAY-49ers,NFL,Raiders,49ers,2026-08-28T00:00:00Z,coming_soon,,,2026-08-25T12:00:00Z,preseason wk3,
NFL-2026-08-27-HOME-Chargers-AWAY-Rams,NFL,Chargers,Rams,2026-08-28T02:00:00Z,coming_soon,,,2026-08-25T12:00:00Z,preseason wk3,
NFL-2026-08-28-HOME-Ravens-AWAY-Commanders,NFL,Ravens,Commanders,2026-08-28T22:00:00Z,coming_soon,,,2026-08-25T12:00:00Z,preseason wk3,
NFL-2026-08-28-HOME-Panthers-AWAY-Texans,NFL,Panthers,Texans,2026-08-28T23:00:00Z,coming_soon,,,2026-08-25T12:00:00Z,preseason wk3,
NFL-2026-08-28-HOME-Dolphins-AWAY-Falcons,NFL,Dolphins,Falcons,2026-08-28T23:00:00Z,coming_soon,,,2026-08-25T12:00:00Z,preseason wk3,
NFL-2026-08-28-HOME-Jaguars-AWAY-Buccaneers,NFL,Jaguars,Buccaneers,2026-08-28T23:30:00Z,coming_soon,,,2026-08-25T12:00:00Z,preseason wk3,
NFL-2026-08-28-HOME-Jets-AWAY-Giants,NFL,Jets,Giants,2026-08-28T23:30:00Z,coming_soon,,,2026-08-25T12:00:00Z,preseason wk3,
NFL-2026-08-28-HOME-Cowboys-AWAY-Saints,NFL,Cowboys,Saints,2026-08-29T00:00:00Z,coming_soon,,,2026-08-25T12:00:00Z,preseason wk3,
NFL-2026-08-28-HOME-Packers-AWAY-Cardinals,NFL,Packers,Cardinals,2026-08-29T00:00:00Z,coming_soon,,,2026-08-25T12:00:00Z,preseason wk3,
NFL-2026-08-28-HOME-Chiefs-AWAY-Seahawks,NFL,Chiefs,Seahawks,2026-08-29T00:00:00Z,coming_soon,,,2026-08-25T12:00:00Z,preseason wk3,
NFL-2026-08-28-HOME-Eagles-AWAY-Bengals,NFL,Eagles,Bengals,2026-08-29T00:00:00Z,coming_soon,,,2026-08-25T12:00:00Z,preseason wk3,
NFL-2026-08-28-HOME-Broncos-AWAY-Vikings,NFL,Broncos,Vikings,2026-08-29T01:00:00Z,coming_soon,,,2026-08-25T12:00:00Z,preseason wk3,
NFL-2026-08-29-HOME-Colts-AWAY-Lions,NFL,Colts,Lions,2026-08-29T17:00:00Z,coming_soon,,,2026-08-25T12:00:00Z,preseason wk3,
NFL-2026-08-29-HOME-Titans-AWAY-Bears,NFL,Titans,Bears,2026-08-29T22:00:00Z,coming_soon,,,2026-08-25T12:00:00Z,preseason wk3,
,,,,,,,,,,
,,,,,,,,,,
,,,,,,,,,,
NFL-2026-09-09-HOME-Seahawks-AWAY-Patriots,NFL,Seahawks,Patriots,2026-09-10T00:20:00Z,coming_soon,,,2026-09-08T12:00:00Z,week 1,
NFL-2026-09-10-HOME-Rams-AWAY-49ers,NFL,Rams,49ers,2026-09-11T00:35:00Z,open,0xB8c9fcc36116D56D73e5DB75CBF8ba3af63B5c41,,2026-09-07T00:00:00Z,week 1,yes
NFL-2026-09-13-HOME-Panthers-AWAY-Bears,NFL,Panthers,Bears,2026-09-13T17:00:00Z,coming_soon,,,2026-09-08T12:00:00Z,week 1,
NFL-2026-09-13-HOME-Bengals-AWAY-Buccaneers,NFL,Bengals,Buccaneers,2026-09-13T17:00:00Z,coming_soon,,,2026-09-08T12:00:00Z,week 1,
NFL-2026-09-13-HOME-Lions-AWAY-Saints,NFL,Lions,Saints,2026-09-13T17:00:00Z,coming_soon,,,2026-09-08T12:00:00Z,week 1,
NFL-2026-09-13-HOME-Texans-AWAY-Bills,NFL,Texans,Bills,2026-09-13T17:00:00Z,coming_soon,,,2026-09-08T12:00:00Z,week 1,
NFL-2026-09-13-HOME-Colts-AWAY-Ravens,NFL,Colts,Ravens,2026-09-13T17:00:00Z,coming_soon,,,2026-09-08T12:00:00Z,week 1,
NFL-2026-09-13-HOME-Jaguars-AWAY-Browns,NFL,Jaguars,Browns,2026-09-13T17:00:00Z,coming_soon,,,2026-09-08T12:00:00Z,week 1,
NFL-2026-09-13-HOME-Steelers-AWAY-Falcons,NFL,Steelers,Falcons,2026-09-13T17:00:00Z,coming_soon,,,2026-09-08T12:00:00Z,week 1,
NFL-2026-09-13-HOME-Titans-AWAY-Jets,NFL,Titans,Jets,2026-09-13T17:00:00Z,coming_soon,,,2026-09-08T12:00:00Z,week 1,
NFL-2026-09-13-HOME-Chargers-AWAY-Cardinals,NFL,Chargers,Cardinals,2026-09-13T20:25:00Z,coming_soon,,,2026-09-08T12:00:00Z,week 1,
NFL-2026-09-13-HOME-Raiders-AWAY-Dolphins,NFL,Raiders,Dolphins,2026-09-13T20:25:00Z,coming_soon,,,2026-09-08T12:00:00Z,week 1,
NFL-2026-09-13-HOME-Vikings-AWAY-Packers,NFL,Vikings,Packers,2026-09-13T20:25:00Z,coming_soon,,,2026-09-08T12:00:00Z,week 1,
NFL-2026-09-13-HOME-Eagles-AWAY-Commanders,NFL,Eagles,Commanders,2026-09-13T20:25:00Z,coming_soon,,,2026-09-08T12:00:00Z,week 1,
NFL-2026-09-13-HOME-Giants-AWAY-Cowboys,NFL,Giants,Cowboys,2026-09-14T00:20:00Z,coming_soon,,,2026-09-08T12:00:00Z,week 1,
NFL-2026-09-14-HOME-Chiefs-AWAY-Broncos,NFL,Chiefs,Broncos,2026-09-15T00:15:00Z,coming_soon,,,2026-09-08T12:00:00Z,week 1,
NFL-2026-09-17-HOME-Bills-AWAY-Lions,NFL,Bills,Lions,2026-09-18T00:15:00Z,coming_soon,,,2026-09-15T12:00:00Z,week 2,
NFL-2026-09-20-HOME-Falcons-AWAY-Panthers,NFL,Falcons,Panthers,2026-09-20T17:00:00Z,coming_soon,,,2026-09-15T12:00:00Z,week 2,
NFL-2026-09-20-HOME-Ravens-AWAY-Saints,NFL,Ravens,Saints,2026-09-20T17:00:00Z,coming_soon,,,2026-09-15T12:00:00Z,week 2,
NFL-2026-09-20-HOME-Bears-AWAY-Vikings,NFL,Bears,Vikings,2026-09-20T17:00:00Z,coming_soon,,,2026-09-15T12:00:00Z,week 2,
NFL-2026-09-20-HOME-Texans-AWAY-Bengals,NFL,Texans,Bengals,2026-09-20T17:00:00Z,coming_soon,,,2026-09-15T12:00:00Z,week 2,
NFL-2026-09-20-HOME-Patriots-AWAY-Steelers,NFL,Patriots,Steelers,2026-09-20T17:00:00Z,coming_soon,,,2026-09-15T12:00:00Z,week 2,
NFL-2026-09-20-HOME-Jets-AWAY-Packers,NFL,Jets,Packers,2026-09-20T17:00:00Z,coming_soon,,,2026-09-15T12:00:00Z,week 2,
NFL-2026-09-20-HOME-Buccaneers-AWAY-Browns,NFL,Buccaneers,Browns,2026-09-20T17:00:00Z,coming_soon,,,2026-09-15T12:00:00Z,week 2,
NFL-2026-09-20-HOME-Titans-AWAY-Eagles,NFL,Titans,Eagles,2026-09-20T17:00:00Z,coming_soon,,,2026-09-15T12:00:00Z,week 2,
NFL-2026-09-20-HOME-Broncos-AWAY-Jaguars,NFL,Broncos,Jaguars,2026-09-20T20:05:00Z,coming_soon,,,2026-09-15T12:00:00Z,week 2,
NFL-2026-09-20-HOME-Chargers-AWAY-Raiders,NFL,Chargers,Raiders,2026-09-20T20:05:00Z,coming_soon,,,2026-09-15T12:00:00Z,week 2,
NFL-2026-09-20-HOME-Cardinals-AWAY-Seahawks,NFL,Cardinals,Seahawks,2026-09-20T20:25:00Z,coming_soon,,,2026-09-15T12:00:00Z,week 2,
NFL-2026-09-20-HOME-Cowboys-AWAY-Commanders,NFL,Cowboys,Commanders,2026-09-20T20:25:00Z,coming_soon,,,2026-09-15T12:00:00Z,week 2,
NFL-2026-09-20-HOME-49ers-AWAY-Dolphins,NFL,49ers,Dolphins,2026-09-20T20:25:00Z,coming_soon,,,2026-09-15T12:00:00Z,week 2,
NFL-2026-09-20-HOME-Chiefs-AWAY-Colts,NFL,Chiefs,Colts,2026-09-21T00:20:00Z,coming_soon,,,2026-09-15T12:00:00Z,week 2,
NFL-2026-09-21-HOME-Rams-AWAY-Giants,NFL,Rams,Giants,2026-09-22T00:15:00Z,coming_soon,,,2026-09-15T12:00:00Z,week 2,
NFL-2026-09-24-HOME-Packers-AWAY-Falcons,NFL,Packers,Falcons,2026-09-25T00:15:00Z,coming_soon,,,2026-09-22T12:00:00Z,week 3,
NFL-2026-09-27-HOME-Bills-AWAY-Chargers,NFL,Bills,Chargers,2026-09-27T17:00:00Z,coming_soon,,,2026-09-22T12:00:00Z,week 3,
NFL-2026-09-27-HOME-Browns-AWAY-Panthers,NFL,Browns,Panthers,2026-09-27T17:00:00Z,coming_soon,,,2026-09-22T12:00:00Z,week 3,
NFL-2026-09-27-HOME-Lions-AWAY-Jets,NFL,Lions,Jets,2026-09-27T17:00:00Z,coming_soon,,,2026-09-22T12:00:00Z,week 3,
NFL-2026-09-27-HOME-Colts-AWAY-Texans,NFL,Colts,Texans,2026-09-27T17:00:00Z,coming_soon,,,2026-09-22T12:00:00Z,week 3,
NFL-2026-09-27-HOME-Jaguars-AWAY-Patriots,NFL,Jaguars,Patriots,2026-09-27T17:00:00Z,coming_soon,,,2026-09-22T12:00:00Z,week 3,
NFL-2026-09-27-HOME-Dolphins-AWAY-Chiefs,NFL,Dolphins,Chiefs,2026-09-27T17:00:00Z,coming_soon,,,2026-09-22T12:00:00Z,week 3,
NFL-2026-09-27-HOME-Giants-AWAY-Titans,NFL,Giants,Titans,2026-09-27T17:00:00Z,coming_soon,,,2026-09-22T12:00:00Z,week 3,
NFL-2026-09-27-HOME-Steelers-AWAY-Bengals,NFL,Steelers,Bengals,2026-09-27T17:00:00Z,coming_soon,,,2026-09-22T12:00:00Z,week 3,
NFL-2026-09-27-HOME-Commanders-AWAY-Seahawks,NFL,Commanders,Seahawks,2026-09-27T17:00:00Z,coming_soon,,,2026-09-22T12:00:00Z,week 3,
NFL-2026-09-27-HOME-49ers-AWAY-Cardinals,NFL,49ers,Cardinals,2026-09-27T20:05:00Z,coming_soon,,,2026-09-22T12:00:00Z,week 3,
NFL-2026-09-27-HOME-Buccaneers-AWAY-Vikings,NFL,Buccaneers,Vikings,2026-09-27T20:05:00Z,coming_soon,,,2026-09-22T12:00:00Z,week 3,
NFL-2026-09-27-HOME-Cowboys-AWAY-Ravens,NFL,Cowboys,Ravens,2026-09-27T20:25:00Z,coming_soon,,,2026-09-22T12:00:00Z,week 3,
NFL-2026-09-27-HOME-Saints-AWAY-Raiders,NFL,Saints,Raiders,2026-09-27T20:25:00Z,coming_soon,,,2026-09-22T12:00:00Z,week 3,
NFL-2026-09-27-HOME-Broncos-AWAY-Rams,NFL,Broncos,Rams,2026-09-28T00:20:00Z,coming_soon,,,2026-09-22T12:00:00Z,week 3,
NFL-2026-09-28-HOME-Bears-AWAY-Eagles,NFL,Bears,Eagles,2026-09-29T00:15:00Z,coming_soon,,,2026-09-22T12:00:00Z,week 3,
NFL-2026-10-01-HOME-Browns-AWAY-Steelers,NFL,Browns,Steelers,2026-10-02T00:15:00Z,coming_soon,,,2026-09-29T12:00:00Z,week 4,
NFL-2026-10-04-HOME-Commanders-AWAY-Colts,NFL,Commanders,Colts,2026-10-04T13:30:00Z,coming_soon,,,2026-09-29T12:00:00Z,week 4,
NFL-2026-10-04-HOME-Ravens-AWAY-Titans,NFL,Ravens,Titans,2026-10-04T17:00:00Z,coming_soon,,,2026-09-29T12:00:00Z,week 4,
NFL-2026-10-04-HOME-Bills-AWAY-Patriots,NFL,Bills,Patriots,2026-10-04T17:00:00Z,coming_soon,,,2026-09-29T12:00:00Z,week 4,
NFL-2026-10-04-HOME-Bears-AWAY-Jets,NFL,Bears,Jets,2026-10-04T17:00:00Z,coming_soon,,,2026-09-29T12:00:00Z,week 4,
NFL-2026-10-04-HOME-Bengals-AWAY-Jaguars,NFL,Bengals,Jaguars,2026-10-04T17:00:00Z,coming_soon,,,2026-09-29T12:00:00Z,week 4,
NFL-2026-10-04-HOME-Texans-AWAY-Cowboys,NFL,Texans,Cowboys,2026-10-04T17:00:00Z,coming_soon,,,2026-09-29T12:00:00Z,week 4,
NFL-2026-10-04-HOME-Giants-AWAY-Cardinals,NFL,Giants,Cardinals,2026-10-04T17:00:00Z,coming_soon,,,2026-09-29T12:00:00Z,week 4,
NFL-2026-10-04-HOME-Eagles-AWAY-Rams,NFL,Eagles,Rams,2026-10-04T17:00:00Z,coming_soon,,,2026-09-29T12:00:00Z,week 4,
NFL-2026-10-04-HOME-Buccaneers-AWAY-Packers,NFL,Buccaneers,Packers,2026-10-04T17:00:00Z,coming_soon,,,2026-09-29T12:00:00Z,week 4,
NFL-2026-10-04-HOME-Vikings-AWAY-Dolphins,NFL,Vikings,Dolphins,2026-10-04T20:05:00Z,coming_soon,,,2026-09-29T12:00:00Z,week 4,
NFL-2026-10-04-HOME-Raiders-AWAY-Chiefs,NFL,Raiders,Chiefs,2026-10-04T20:25:00Z,coming_soon,,,2026-09-29T12:00:00Z,week 4,
NFL-2026-10-04-HOME-Seahawks-AWAY-Chargers,NFL,Seahawks,Chargers,2026-10-04T20:25:00Z,coming_soon,,,2026-09-29T12:00:00Z,week 4,
NFL-2026-10-04-HOME-49ers-AWAY-Broncos,NFL,49ers,Broncos,2026-10-04T20:25:00Z,coming_soon,,,2026-09-29T12:00:00Z,week 4,
NFL-2026-10-04-HOME-Panthers-AWAY-Lions,NFL,Panthers,Lions,2026-10-05T00:20:00Z,coming_soon,,,2026-09-29T12:00:00Z,week 4,
NFL-2026-10-05-HOME-Saints-AWAY-Falcons,NFL,Saints,Falcons,2026-10-06T00:15:00Z,coming_soon,,,2026-09-29T12:00:00Z,week 4,
NFL-2026-10-08-HOME-Cowboys-AWAY-Buccaneers,NFL,Cowboys,Buccaneers,2026-10-09T00:15:00Z,coming_soon,,,2026-10-06T12:00:00Z,week 5,
NFL-2026-10-11-HOME-Jaguars-AWAY-Eagles,NFL,Jaguars,Eagles,2026-10-11T13:30:00Z,coming_soon,,,2026-10-06T12:00:00Z,week 5,
NFL-2026-10-11-HOME-Dolphins-AWAY-Bengals,NFL,Dolphins,Bengals,2026-10-11T17:00:00Z,coming_soon,,,2026-10-06T12:00:00Z,week 5,
NFL-2026-10-11-HOME-Patriots-AWAY-Raiders,NFL,Patriots,Raiders,2026-10-11T17:00:00Z,coming_soon,,,2026-10-06T12:00:00Z,week 5,
NFL-2026-10-11-HOME-Saints-AWAY-Vikings,NFL,Saints,Vikings,2026-10-11T17:00:00Z,coming_soon,,,2026-10-06T12:00:00Z,week 5,
NFL-2026-10-11-HOME-Jets-AWAY-Browns,NFL,Jets,Browns,2026-10-11T17:00:00Z,coming_soon,,,2026-10-06T12:00:00Z,week 5,
NFL-2026-10-11-HOME-Steelers-AWAY-Colts,NFL,Steelers,Colts,2026-10-11T17:00:00Z,coming_soon,,,2026-10-06T12:00:00Z,week 5,
NFL-2026-10-11-HOME-Titans-AWAY-Texans,NFL,Titans,Texans,2026-10-11T17:00:00Z,coming_soon,,,2026-10-06T12:00:00Z,week 5,
NFL-2026-10-11-HOME-Commanders-AWAY-Giants,NFL,Commanders,Giants,2026-10-11T17:00:00Z,coming_soon,,,2026-10-06T12:00:00Z,week 5,
NFL-2026-10-11-HOME-Chargers-AWAY-Broncos,NFL,Chargers,Broncos,2026-10-11T20:05:00Z,coming_soon,,,2026-10-06T12:00:00Z,week 5,
NFL-2026-10-11-HOME-Cardinals-AWAY-Lions,NFL,Cardinals,Lions,2026-10-11T20:25:00Z,coming_soon,,,2026-10-06T12:00:00Z,week 5,
NFL-2026-10-11-HOME-Packers-AWAY-Bears,NFL,Packers,Bears,2026-10-11T20:25:00Z,coming_soon,,,2026-10-06T12:00:00Z,week 5,
NFL-2026-10-11-HOME-Seahawks-AWAY-49ers,NFL,Seahawks,49ers,2026-10-11T20:25:00Z,coming_soon,,,2026-10-06T12:00:00Z,week 5,
NFL-2026-10-11-HOME-Falcons-AWAY-Ravens,NFL,Falcons,Ravens,2026-10-12T00:20:00Z,coming_soon,,,2026-10-06T12:00:00Z,week 5,
NFL-2026-10-12-HOME-Rams-AWAY-Bills,NFL,Rams,Bills,2026-10-13T00:15:00Z,coming_soon,,,2026-10-06T12:00:00Z,week 5,
NFL-2026-10-15-HOME-Broncos-AWAY-Seahawks,NFL,Broncos,Seahawks,2026-10-16T00:15:00Z,coming_soon,,,2026-10-13T12:00:00Z,week 6,
NFL-2026-10-18-HOME-Jaguars-AWAY-Texans,NFL,Jaguars,Texans,2026-10-18T13:30:00Z,coming_soon,,,2026-10-13T12:00:00Z,week 6,
NFL-2026-10-18-HOME-Falcons-AWAY-Bears,NFL,Falcons,Bears,2026-10-18T17:00:00Z,coming_soon,,,2026-10-13T12:00:00Z,week 6,
NFL-2026-10-18-HOME-Browns-AWAY-Ravens,NFL,Browns,Ravens,2026-10-18T17:00:00Z,coming_soon,,,2026-10-13T12:00:00Z,week 6,
NFL-2026-10-18-HOME-Colts-AWAY-Titans,NFL,Colts,Titans,2026-10-18T17:00:00Z,coming_soon,,,2026-10-13T12:00:00Z,week 6,
NFL-2026-10-18-HOME-Patriots-AWAY-Jets,NFL,Patriots,Jets,2026-10-18T17:00:00Z,coming_soon,,,2026-10-13T12:00:00Z,week 6,
NFL-2026-10-18-HOME-Giants-AWAY-Saints,NFL,Giants,Saints,2026-10-18T17:00:00Z,coming_soon,,,2026-10-13T12:00:00Z,week 6,
NFL-2026-10-18-HOME-Eagles-AWAY-Panthers,NFL,Eagles,Panthers,2026-10-18T17:00:00Z,coming_soon,,,2026-10-13T12:00:00Z,week 6,
NFL-2026-10-18-HOME-Buccaneers-AWAY-Steelers,NFL,Buccaneers,Steelers,2026-10-18T17:00:00Z,coming_soon,,,2026-10-13T12:00:00Z,week 6,
NFL-2026-10-18-HOME-Rams-AWAY-Cardinals,NFL,Rams,Cardinals,2026-10-18T20:05:00Z,coming_soon,,,2026-10-13T12:00:00Z,week 6,
NFL-2026-10-18-HOME-Chiefs-AWAY-Chargers,NFL,Chiefs,Chargers,2026-10-18T20:25:00Z,coming_soon,,,2026-10-13T12:00:00Z,week 6,
NFL-2026-10-18-HOME-Raiders-AWAY-Bills,NFL,Raiders,Bills,2026-10-18T20:25:00Z,coming_soon,,,2026-10-13T12:00:00Z,week 6,
NFL-2026-10-18-HOME-Packers-AWAY-Cowboys,NFL,Packers,Cowboys,2026-10-19T00:20:00Z,coming_soon,,,2026-10-13T12:00:00Z,week 6,
NFL-2026-10-19-HOME-49ers-AWAY-Commanders,NFL,49ers,Commanders,2026-10-20T00:15:00Z,coming_soon,,,2026-10-13T12:00:00Z,week 6,
NFL-2026-10-22-HOME-Bears-AWAY-Patriots,NFL,Bears,Patriots,2026-10-23T00:15:00Z,coming_soon,,,2026-10-20T12:00:00Z,week 7,
NFL-2026-10-25-HOME-Saints-AWAY-Steelers,NFL,Saints,Steelers,2026-10-25T13:30:00Z,coming_soon,,,2026-10-20T12:00:00Z,week 7,
NFL-2026-10-25-HOME-Falcons-AWAY-49ers,NFL,Falcons,49ers,2026-10-25T17:00:00Z,coming_soon,,,2026-10-20T12:00:00Z,week 7,
NFL-2026-10-25-HOME-Ravens-AWAY-Bengals,NFL,Ravens,Bengals,2026-10-25T17:00:00Z,coming_soon,,,2026-10-20T12:00:00Z,week 7,
NFL-2026-10-25-HOME-Panthers-AWAY-Buccaneers,NFL,Panthers,Buccaneers,2026-10-25T17:00:00Z,coming_soon,,,2026-10-20T12:00:00Z,week 7,
NFL-2026-10-25-HOME-Texans-AWAY-Giants,NFL,Texans,Giants,2026-10-25T17:00:00Z,coming_soon,,,2026-10-20T12:00:00Z,week 7,
NFL-2026-10-25-HOME-Vikings-AWAY-Colts,NFL,Vikings,Colts,2026-10-25T17:00:00Z,coming_soon,,,2026-10-20T12:00:00Z,week 7,
NFL-2026-10-25-HOME-Jets-AWAY-Dolphins,NFL,Jets,Dolphins,2026-10-25T17:00:00Z,coming_soon,,,2026-10-20T12:00:00Z,week 7,
NFL-2026-10-25-HOME-Titans-AWAY-Browns,NFL,Titans,Browns,2026-10-25T17:00:00Z,coming_soon,,,2026-10-20T12:00:00Z,week 7,
NFL-2026-10-25-HOME-Cardinals-AWAY-Broncos,NFL,Cardinals,Broncos,2026-10-25T20:05:00Z,coming_soon,,,2026-10-20T12:00:00Z,week 7,
NFL-2026-10-25-HOME-Lions-AWAY-Packers,NFL,Lions,Packers,2026-10-25T20:25:00Z,coming_soon,,,2026-10-20T12:00:00Z,week 7,
NFL-2026-10-25-HOME-Raiders-AWAY-Rams,NFL,Raiders,Rams,2026-10-25T20:25:00Z,coming_soon,,,2026-10-20T12:00:00Z,week 7,
NFL-2026-10-25-HOME-Seahawks-AWAY-Chiefs,NFL,Seahawks,Chiefs,2026-10-26T00:20:00Z,coming_soon,,,2026-10-20T12:00:00Z,week 7,
NFL-2026-10-26-HOME-Eagles-AWAY-Cowboys,NFL,Eagles,Cowboys,2026-10-27T00:15:00Z,coming_soon,,,2026-10-20T12:00:00Z,week 7,
NFL-2026-10-29-HOME-Packers-AWAY-Panthers,NFL,Packers,Panthers,2026-10-30T00:15:00Z,coming_soon,,,2026-10-27T12:00:00Z,week 8,
NFL-2026-11-01-HOME-Bills-AWAY-Ravens,NFL,Bills,Ravens,2026-11-01T18:00:00Z,coming_soon,,,2026-10-27T12:00:00Z,week 8,
NFL-2026-11-01-HOME-Bengals-AWAY-Titans,NFL,Bengals,Titans,2026-11-01T18:00:00Z,coming_soon,,,2026-10-27T12:00:00Z,week 8,
NFL-2026-11-01-HOME-Cowboys-AWAY-Cardinals,NFL,Cowboys,Cardinals,2026-11-01T18:00:00Z,coming_soon,,,2026-10-27T12:00:00Z,week 8,
NFL-2026-11-01-HOME-Lions-AWAY-Vikings,NFL,Lions,Vikings,2026-11-01T18:00:00Z,coming_soon,,,2026-10-27T12:00:00Z,week 8,
NFL-2026-11-01-HOME-Jaguars-AWAY-Colts,NFL,Jaguars,Colts,2026-11-01T18:00:00Z,coming_soon,,,2026-10-27T12:00:00Z,week 8,
NFL-2026-11-01-HOME-Jets-AWAY-Raiders,NFL,Jets,Raiders,2026-11-01T18:00:00Z,coming_soon,,,2026-10-27T12:00:00Z,week 8,
NFL-2026-11-01-HOME-Steelers-AWAY-Browns,NFL,Steelers,Browns,2026-11-01T18:00:00Z,coming_soon,,,2026-10-27T12:00:00Z,week 8,
NFL-2026-11-01-HOME-Buccaneers-AWAY-Falcons,NFL,Buccaneers,Falcons,2026-11-01T18:00:00Z,coming_soon,,,2026-10-27T12:00:00Z,week 8,
NFL-2026-11-01-HOME-Rams-AWAY-Chargers,NFL,Rams,Chargers,2026-11-01T21:05:00Z,coming_soon,,,2026-10-27T12:00:00Z,week 8,
NFL-2026-11-01-HOME-Broncos-AWAY-Chiefs,NFL,Broncos,Chiefs,2026-11-01T21:25:00Z,coming_soon,,,2026-10-27T12:00:00Z,week 8,
NFL-2026-11-01-HOME-Dolphins-AWAY-Patriots,NFL,Dolphins,Patriots,2026-11-01T21:25:00Z,coming_soon,,,2026-10-27T12:00:00Z,week 8,
NFL-2026-11-01-HOME-Commanders-AWAY-Eagles,NFL,Commanders,Eagles,2026-11-02T01:20:00Z,coming_soon,,,2026-10-27T12:00:00Z,week 8,
NFL-2026-11-02-HOME-Seahawks-AWAY-Bears,NFL,Seahawks,Bears,2026-11-03T01:15:00Z,coming_soon,,,2026-10-27T12:00:00Z,week 8,
NFL-2026-11-05-HOME-Ravens-AWAY-Jaguars,NFL,Ravens,Jaguars,2026-11-06T01:15:00Z,coming_soon,,,2026-11-03T12:00:00Z,week 9,
NFL-2026-11-08-HOME-Falcons-AWAY-Bengals,NFL,Falcons,Bengals,2026-11-08T14:30:00Z,coming_soon,,,2026-11-03T12:00:00Z,week 9,
NFL-2026-11-08-HOME-Panthers-AWAY-Broncos,NFL,Panthers,Broncos,2026-11-08T18:00:00Z,coming_soon,,,2026-11-03T12:00:00Z,week 9,
NFL-2026-11-08-HOME-Colts-AWAY-Cowboys,NFL,Colts,Cowboys,2026-11-08T18:00:00Z,coming_soon,,,2026-11-03T12:00:00Z,week 9,
NFL-2026-11-08-HOME-Chiefs-AWAY-Jets,NFL,Chiefs,Jets,2026-11-08T18:00:00Z,coming_soon,,,2026-11-03T12:00:00Z,week 9,
NFL-2026-11-08-HOME-Dolphins-AWAY-Lions,NFL,Dolphins,Lions,2026-11-08T18:00:00Z,coming_soon,,,2026-11-03T12:00:00Z,week 9,
NFL-2026-11-08-HOME-Saints-AWAY-Browns,NFL,Saints,Browns,2026-11-08T18:00:00Z,coming_soon,,,2026-11-03T12:00:00Z,week 9,
NFL-2026-11-08-HOME-Eagles-AWAY-Giants,NFL,Eagles,Giants,2026-11-08T18:00:00Z,coming_soon,,,2026-11-03T12:00:00Z,week 9,
NFL-2026-11-08-HOME-Commanders-AWAY-Rams,NFL,Commanders,Rams,2026-11-08T18:00:00Z,coming_soon,,,2026-11-03T12:00:00Z,week 9,
NFL-2026-11-08-HOME-Chargers-AWAY-Texans,NFL,Chargers,Texans,2026-11-08T21:05:00Z,coming_soon,,,2026-11-03T12:00:00Z,week 9,
NFL-2026-11-08-HOME-49ers-AWAY-Raiders,NFL,49ers,Raiders,2026-11-08T21:05:00Z,coming_soon,,,2026-11-03T12:00:00Z,week 9,
NFL-2026-11-08-HOME-Patriots-AWAY-Packers,NFL,Patriots,Packers,2026-11-08T21:25:00Z,coming_soon,,,2026-11-03T12:00:00Z,week 9,
NFL-2026-11-08-HOME-Seahawks-AWAY-Cardinals,NFL,Seahawks,Cardinals,2026-11-08T21:25:00Z,coming_soon,,,2026-11-03T12:00:00Z,week 9,
NFL-2026-11-08-HOME-Bears-AWAY-Buccaneers,NFL,Bears,Buccaneers,2026-11-09T01:20:00Z,coming_soon,,,2026-11-03T12:00:00Z,week 9,
NFL-2026-11-09-HOME-Vikings-AWAY-Bills,NFL,Vikings,Bills,2026-11-10T01:15:00Z,coming_soon,,,2026-11-03T12:00:00Z,week 9,
NFL-2026-11-12-HOME-Giants-AWAY-Commanders,NFL,Giants,Commanders,2026-11-13T01:15:00Z,coming_soon,,,2026-11-10T12:00:00Z,week 10,
NFL-2026-11-15-HOME-Lions-AWAY-Patriots,NFL,Lions,Patriots,2026-11-15T14:30:00Z,coming_soon,,,2026-11-10T12:00:00Z,week 10,
NFL-2026-11-15-HOME-Falcons-AWAY-Chiefs,NFL,Falcons,Chiefs,2026-11-15T18:00:00Z,coming_soon,,,2026-11-10T12:00:00Z,week 10,
NFL-2026-11-15-HOME-Browns-AWAY-Texans,NFL,Browns,Texans,2026-11-15T18:00:00Z,coming_soon,,,2026-11-10T12:00:00Z,week 10,
NFL-2026-11-15-HOME-Packers-AWAY-Vikings,NFL,Packers,Vikings,2026-11-15T18:00:00Z,coming_soon,,,2026-11-10T12:00:00Z,week 10,
NFL-2026-11-15-HOME-Colts-AWAY-Dolphins,NFL,Colts,Dolphins,2026-11-15T18:00:00Z,coming_soon,,,2026-11-10T12:00:00Z,week 10,
NFL-2026-11-15-HOME-Saints-AWAY-Panthers,NFL,Saints,Panthers,2026-11-15T18:00:00Z,coming_soon,,,2026-11-10T12:00:00Z,week 10,
NFL-2026-11-15-HOME-Jets-AWAY-Bills,NFL,Jets,Bills,2026-11-15T18:00:00Z,coming_soon,,,2026-11-10T12:00:00Z,week 10,
NFL-2026-11-15-HOME-Titans-AWAY-Jaguars,NFL,Titans,Jaguars,2026-11-15T18:00:00Z,coming_soon,,,2026-11-10T12:00:00Z,week 10,
NFL-2026-11-15-HOME-Cardinals-AWAY-Rams,NFL,Cardinals,Rams,2026-11-15T21:05:00Z,coming_soon,,,2026-11-10T12:00:00Z,week 10,
NFL-2026-11-15-HOME-Raiders-AWAY-Seahawks,NFL,Raiders,Seahawks,2026-11-15T21:05:00Z,coming_soon,,,2026-11-10T12:00:00Z,week 10,
NFL-2026-11-15-HOME-Cowboys-AWAY-49ers,NFL,Cowboys,49ers,2026-11-15T21:25:00Z,coming_soon,,,2026-11-10T12:00:00Z,week 10,
NFL-2026-11-15-HOME-Bengals-AWAY-Steelers,NFL,Bengals,Steelers,2026-11-16T01:20:00Z,coming_soon,,,2026-11-10T12:00:00Z,week 10,
NFL-2026-11-16-HOME-Ravens-AWAY-Chargers,NFL,Ravens,Chargers,2026-11-17T01:15:00Z,coming_soon,,,2026-11-10T12:00:00Z,week 10,
NFL-2026-11-19-HOME-Texans-AWAY-Colts,NFL,Texans,Colts,2026-11-20T01:15:00Z,coming_soon,,,2026-11-17T12:00:00Z,week 11,
NFL-2026-11-22-HOME-Bills-AWAY-Dolphins,NFL,Bills,Dolphins,2026-11-22T18:00:00Z,coming_soon,,,2026-11-17T12:00:00Z,week 11,
NFL-2026-11-22-HOME-Panthers-AWAY-Ravens,NFL,Panthers,Ravens,2026-11-22T18:00:00Z,coming_soon,,,2026-11-17T12:00:00Z,week 11,
NFL-2026-11-22-HOME-Bears-AWAY-Saints,NFL,Bears,Saints,2026-11-22T18:00:00Z,coming_soon,,,2026-11-17T12:00:00Z,week 11,
NFL-2026-11-22-HOME-Cowboys-AWAY-Titans,NFL,Cowboys,Titans,2026-11-22T18:00:00Z,coming_soon,,,2026-11-17T12:00:00Z,week 11,
NFL-2026-11-22-HOME-Lions-AWAY-Buccaneers,NFL,Lions,Buccaneers,2026-11-22T18:00:00Z,coming_soon,,,2026-11-17T12:00:00Z,week 11,
NFL-2026-11-22-HOME-Chiefs-AWAY-Cardinals,NFL,Chiefs,Cardinals,2026-11-22T18:00:00Z,coming_soon,,,2026-11-17T12:00:00Z,week 11,
NFL-2026-11-22-HOME-Giants-AWAY-Jaguars,NFL,Giants,Jaguars,2026-11-22T18:00:00Z,coming_soon,,,2026-11-17T12:00:00Z,week 11,
NFL-2026-11-22-HOME-Chargers-AWAY-Jets,NFL,Chargers,Jets,2026-11-22T21:05:00Z,coming_soon,,,2026-11-17T12:00:00Z,week 11,
NFL-2026-11-22-HOME-Broncos-AWAY-Raiders,NFL,Broncos,Raiders,2026-11-22T21:25:00Z,coming_soon,,,2026-11-17T12:00:00Z,week 11,
NFL-2026-11-22-HOME-Eagles-AWAY-Steelers,NFL,Eagles,Steelers,2026-11-22T21:25:00Z,coming_soon,,,2026-11-17T12:00:00Z,week 11,
NFL-2026-11-22-HOME-49ers-AWAY-Vikings,NFL,49ers,Vikings,2026-11-23T01:20:00Z,coming_soon,,,2026-11-17T12:00:00Z,week 11,
NFL-2026-11-23-HOME-Commanders-AWAY-Bengals,NFL,Commanders,Bengals,2026-11-24T01:15:00Z,coming_soon,,,2026-11-17T12:00:00Z,week 11,
NFL-2026-11-25-HOME-Rams-AWAY-Packers,NFL,Rams,Packers,2026-11-26T01:00:00Z,coming_soon,,,2026-11-24T12:00:00Z,week 12,
NFL-2026-11-26-HOME-Lions-AWAY-Bears,NFL,Lions,Bears,2026-11-26T18:00:00Z,coming_soon,,,2026-11-24T12:00:00Z,week 12,
NFL-2026-11-26-HOME-Cowboys-AWAY-Eagles,NFL,Cowboys,Eagles,2026-11-26T21:30:00Z,coming_soon,,,2026-11-24T12:00:00Z,week 12,
NFL-2026-11-26-HOME-Bills-AWAY-Chiefs,NFL,Bills,Chiefs,2026-11-27T01:20:00Z,coming_soon,,,2026-11-24T12:00:00Z,week 12,
NFL-2026-11-27-HOME-Steelers-AWAY-Broncos,NFL,Steelers,Broncos,2026-11-27T20:00:00Z,coming_soon,,,2026-11-24T12:00:00Z,week 12,
NFL-2026-11-29-HOME-Bengals-AWAY-Saints,NFL,Bengals,Saints,2026-11-29T18:00:00Z,coming_soon,,,2026-11-24T12:00:00Z,week 12,
NFL-2026-11-29-HOME-Browns-AWAY-Raiders,NFL,Browns,Raiders,2026-11-29T18:00:00Z,coming_soon,,,2026-11-24T12:00:00Z,week 12,
NFL-2026-11-29-HOME-Texans-AWAY-Ravens,NFL,Texans,Ravens,2026-11-29T18:00:00Z,coming_soon,,,2026-11-24T12:00:00Z,week 12,
NFL-2026-11-29-HOME-Colts-AWAY-Giants,NFL,Colts,Giants,2026-11-29T18:00:00Z,coming_soon,,,2026-11-24T12:00:00Z,week 12,
NFL-2026-11-29-HOME-Dolphins-AWAY-Jets,NFL,Dolphins,Jets,2026-11-29T18:00:00Z,coming_soon,,,2026-11-24T12:00:00Z,week 12,
NFL-2026-11-29-HOME-Vikings-AWAY-Falcons,NFL,Vikings,Falcons,2026-11-29T18:00:00Z,coming_soon,,,2026-11-24T12:00:00Z,week 12,
NFL-2026-11-29-HOME-Jaguars-AWAY-Titans,NFL,Jaguars,Titans,2026-11-29T21:05:00Z,coming_soon,,,2026-11-24T12:00:00Z,week 12,
NFL-2026-11-29-HOME-Cardinals-AWAY-Commanders,NFL,Cardinals,Commanders,2026-11-29T21:25:00Z,coming_soon,,,2026-11-24T12:00:00Z,week 12,
NFL-2026-11-29-HOME-49ers-AWAY-Seahawks,NFL,49ers,Seahawks,2026-11-29T21:25:00Z,coming_soon,,,2026-11-24T12:00:00Z,week 12,
NFL-2026-11-29-HOME-Chargers-AWAY-Patriots,NFL,Chargers,Patriots,2026-11-30T01:20:00Z,coming_soon,,,2026-11-24T12:00:00Z,week 12,
NFL-2026-11-30-HOME-Buccaneers-AWAY-Panthers,NFL,Buccaneers,Panthers,2026-12-01T01:15:00Z,coming_soon,,,2026-11-24T12:00:00Z,week 12,
NFL-2026-12-03-HOME-Rams-AWAY-Chiefs,NFL,Rams,Chiefs,2026-12-04T01:15:00Z,coming_soon,,,2026-12-01T12:00:00Z,week 13,
NFL-2026-12-06-HOME-Falcons-AWAY-Lions,NFL,Falcons,Lions,2026-12-06T18:00:00Z,coming_soon,,,2026-12-01T12:00:00Z,week 13,
NFL-2026-12-06-HOME-Bears-AWAY-Jaguars,NFL,Bears,Jaguars,2026-12-06T18:00:00Z,coming_soon,,,2026-12-01T12:00:00Z,week 13,
NFL-2026-12-06-HOME-Browns-AWAY-Bengals,NFL,Browns,Bengals,2026-12-06T18:00:00Z,coming_soon,,,2026-12-01T12:00:00Z,week 13,
NFL-2026-12-06-HOME-Saints-AWAY-Packers,NFL,Saints,Packers,2026-12-06T18:00:00Z,coming_soon,,,2026-12-01T12:00:00Z,week 13,
NFL-2026-12-06-HOME-Giants-AWAY-49ers,NFL,Giants,49ers,2026-12-06T18:00:00Z,coming_soon,,,2026-12-01T12:00:00Z,week 13,
NFL-2026-12-06-HOME-Buccaneers-AWAY-Chargers,NFL,Buccaneers,Chargers,2026-12-06T18:00:00Z,coming_soon,,,2026-12-01T12:00:00Z,week 13,
NFL-2026-12-06-HOME-Titans-AWAY-Commanders,NFL,Titans,Commanders,2026-12-06T18:00:00Z,coming_soon,,,2026-12-01T12:00:00Z,week 13,
NFL-2026-12-06-HOME-Cardinals-AWAY-Eagles,NFL,Cardinals,Eagles,2026-12-06T21:05:00Z,coming_soon,,,2026-12-01T12:00:00Z,week 13,
NFL-2026-12-06-HOME-Broncos-AWAY-Dolphins,NFL,Broncos,Dolphins,2026-12-06T21:05:00Z,coming_soon,,,2026-12-01T12:00:00Z,week 13,
NFL-2026-12-06-HOME-Vikings-AWAY-Panthers,NFL,Vikings,Panthers,2026-12-06T21:25:00Z,coming_soon,,,2026-12-01T12:00:00Z,week 13,
NFL-2026-12-06-HOME-Patriots-AWAY-Bills,NFL,Patriots,Bills,2026-12-06T21:25:00Z,coming_soon,,,2026-12-01T12:00:00Z,week 13,
NFL-2026-12-06-HOME-Steelers-AWAY-Texans,NFL,Steelers,Texans,2026-12-07T01:20:00Z,coming_soon,,,2026-12-01T12:00:00Z,week 13,
NFL-2026-12-07-HOME-Seahawks-AWAY-Cowboys,NFL,Seahawks,Cowboys,2026-12-08T01:15:00Z,coming_soon,,,2026-12-01T12:00:00Z,week 13,
NFL-2026-12-10-HOME-Patriots-AWAY-Vikings,NFL,Patriots,Vikings,2026-12-11T01:15:00Z,coming_soon,,,2026-12-08T12:00:00Z,week 14,
NFL-2026-12-13-HOME-Ravens-AWAY-Buccaneers,NFL,Ravens,Buccaneers,2026-12-13T18:00:00Z,coming_soon,,,2026-12-08T12:00:00Z,week 14,
NFL-2026-12-13-HOME-Panthers-AWAY-Saints,NFL,Panthers,Saints,2026-12-13T18:00:00Z,coming_soon,,,2026-12-08T12:00:00Z,week 14,
NFL-2026-12-13-HOME-Browns-AWAY-Falcons,NFL,Browns,Falcons,2026-12-13T18:00:00Z,coming_soon,,,2026-12-08T12:00:00Z,week 14,
NFL-2026-12-13-HOME-Lions-AWAY-Titans,NFL,Lions,Titans,2026-12-13T18:00:00Z,coming_soon,,,2026-12-08T12:00:00Z,week 14,
NFL-2026-12-13-HOME-Dolphins-AWAY-Bears,NFL,Dolphins,Bears,2026-12-13T18:00:00Z,coming_soon,,,2026-12-08T12:00:00Z,week 14,
NFL-2026-12-13-HOME-Jets-AWAY-Broncos,NFL,Jets,Broncos,2026-12-13T18:00:00Z,coming_soon,,,2026-12-08T12:00:00Z,week 14,
NFL-2026-12-13-HOME-Eagles-AWAY-Colts,NFL,Eagles,Colts,2026-12-13T18:00:00Z,coming_soon,,,2026-12-08T12:00:00Z,week 14,
NFL-2026-12-13-HOME-Commanders-AWAY-Texans,NFL,Commanders,Texans,2026-12-13T18:00:00Z,coming_soon,,,2026-12-08T12:00:00Z,week 14,
NFL-2026-12-13-HOME-Raiders-AWAY-Chargers,NFL,Raiders,Chargers,2026-12-13T21:05:00Z,coming_soon,,,2026-12-08T12:00:00Z,week 14,
NFL-2026-12-13-HOME-Bengals-AWAY-Chiefs,NFL,Bengals,Chiefs,2026-12-13T21:25:00Z,coming_soon,,,2026-12-08T12:00:00Z,week 14,
NFL-2026-12-13-HOME-Seahawks-AWAY-Giants,NFL,Seahawks,Giants,2026-12-13T21:25:00Z,coming_soon,,,2026-12-08T12:00:00Z,week 14,
NFL-2026-12-13-HOME-49ers-AWAY-Rams,NFL,49ers,Rams,2026-12-13T21:25:00Z,coming_soon,,,2026-12-08T12:00:00Z,week 14,
NFL-2026-12-13-HOME-Packers-AWAY-Bills,NFL,Packers,Bills,2026-12-14T01:20:00Z,coming_soon,,,2026-12-08T12:00:00Z,week 14,
NFL-2026-12-14-HOME-Jaguars-AWAY-Steelers,NFL,Jaguars,Steelers,2026-12-15T01:15:00Z,coming_soon,,,2026-12-08T12:00:00Z,week 14,
NFL-2026-12-17-HOME-Chargers-AWAY-49ers,NFL,Chargers,49ers,2026-12-18T01:15:00Z,coming_soon,,,2026-12-15T12:00:00Z,week 15,
NFL-2026-12-19-HOME-Eagles-AWAY-Seahawks,NFL,Eagles,Seahawks,2026-12-19T22:00:00Z,coming_soon,,,2026-12-15T12:00:00Z,week 15,
NFL-2026-12-19-HOME-Bills-AWAY-Bears,NFL,Bills,Bears,2026-12-20T01:20:00Z,coming_soon,,,2026-12-15T12:00:00Z,week 15,
NFL-2026-12-20-HOME-Panthers-AWAY-Bengals,NFL,Panthers,Bengals,2026-12-20T18:00:00Z,coming_soon,,,2026-12-15T12:00:00Z,week 15,
NFL-2026-12-20-HOME-Packers-AWAY-Dolphins,NFL,Packers,Dolphins,2026-12-20T18:00:00Z,coming_soon,,,2026-12-15T12:00:00Z,week 15,
NFL-2026-12-20-HOME-Texans-AWAY-Jaguars,NFL,Texans,Jaguars,2026-12-20T18:00:00Z,coming_soon,,,2026-12-15T12:00:00Z,week 15,
NFL-2026-12-20-HOME-Giants-AWAY-Browns,NFL,Giants,Browns,2026-12-20T18:00:00Z,coming_soon,,,2026-12-15T12:00:00Z,week 15,
NFL-2026-12-20-HOME-Steelers-AWAY-Ravens,NFL,Steelers,Ravens,2026-12-20T18:00:00Z,coming_soon,,,2026-12-15T12:00:00Z,week 15,
NFL-2026-12-20-HOME-Buccaneers-AWAY-Saints,NFL,Buccaneers,Saints,2026-12-20T18:00:00Z,coming_soon,,,2026-12-15T12:00:00Z,week 15,
NFL-2026-12-20-HOME-Titans-AWAY-Colts,NFL,Titans,Colts,2026-12-20T18:00:00Z,coming_soon,,,2026-12-15T12:00:00Z,week 15,
NFL-2026-12-20-HOME-Commanders-AWAY-Falcons,NFL,Commanders,Falcons,2026-12-20T18:00:00Z,coming_soon,,,2026-12-15T12:00:00Z,week 15,
NFL-2026-12-20-HOME-Cardinals-AWAY-Jets,NFL,Cardinals,Jets,2026-12-20T21:05:00Z,coming_soon,,,2026-12-15T12:00:00Z,week 15,
NFL-2026-12-20-HOME-Rams-AWAY-Cowboys,NFL,Rams,Cowboys,2026-12-20T21:25:00Z,coming_soon,,,2026-12-15T12:00:00Z,week 15,
NFL-2026-12-20-HOME-Raiders-AWAY-Broncos,NFL,Raiders,Broncos,2026-12-20T21:25:00Z,coming_soon,,,2026-12-15T12:00:00Z,week 15,
NFL-2026-12-20-HOME-Vikings-AWAY-Lions,NFL,Vikings,Lions,2026-12-21T01:20:00Z,coming_soon,,,2026-12-15T12:00:00Z,week 15,
NFL-2026-12-21-HOME-Chiefs-AWAY-Patriots,NFL,Chiefs,Patriots,2026-12-22T01:15:00Z,coming_soon,,,2026-12-15T12:00:00Z,week 15,
NFL-2026-12-24-HOME-Eagles-AWAY-Texans,NFL,Eagles,Texans,2026-12-25T01:15:00Z,coming_soon,,,2026-12-22T12:00:00Z,week 16,
NFL-2026-12-25-HOME-Bears-AWAY-Packers,NFL,Bears,Packers,2026-12-25T18:00:00Z,coming_soon,,,2026-12-22T12:00:00Z,week 16,
NFL-2026-12-25-HOME-Broncos-AWAY-Bills,NFL,Broncos,Bills,2026-12-25T21:30:00Z,coming_soon,,,2026-12-22T12:00:00Z,week 16,
NFL-2026-12-25-HOME-Seahawks-AWAY-Rams,NFL,Seahawks,Rams,2026-12-26T01:15:00Z,coming_soon,,,2026-12-22T12:00:00Z,week 16,
NFL-2026-12-27-HOME-Falcons-AWAY-Buccaneers,NFL,Falcons,Buccaneers,2026-12-27T18:00:00Z,coming_soon,,,2026-12-22T12:00:00Z,week 16,
NFL-2026-12-27-HOME-Ravens-AWAY-Browns,NFL,Ravens,Browns,2026-12-27T18:00:00Z,coming_soon,,,2026-12-22T12:00:00Z,week 16,
NFL-2026-12-27-HOME-Colts-AWAY-Bengals,NFL,Colts,Bengals,2026-12-27T18:00:00Z,coming_soon,,,2026-12-22T12:00:00Z,week 16,
NFL-2026-12-27-HOME-Dolphins-AWAY-Chargers,NFL,Dolphins,Chargers,2026-12-27T18:00:00Z,coming_soon,,,2026-12-22T12:00:00Z,week 16,
NFL-2026-12-27-HOME-Vikings-AWAY-Commanders,NFL,Vikings,Commanders,2026-12-27T18:00:00Z,coming_soon,,,2026-12-22T12:00:00Z,week 16,
NFL-2026-12-27-HOME-Saints-AWAY-Cardinals,NFL,Saints,Cardinals,2026-12-27T18:00:00Z,coming_soon,,,2026-12-22T12:00:00Z,week 16,
NFL-2026-12-27-HOME-Jets-AWAY-Patriots,NFL,Jets,Patriots,2026-12-27T18:00:00Z,coming_soon,,,2026-12-22T12:00:00Z,week 16,
NFL-2026-12-27-HOME-Steelers-AWAY-Panthers,NFL,Steelers,Panthers,2026-12-27T18:00:00Z,coming_soon,,,2026-12-22T12:00:00Z,week 16,
NFL-2026-12-27-HOME-Raiders-AWAY-Titans,NFL,Raiders,Titans,2026-12-27T21:05:00Z,coming_soon,,,2026-12-22T12:00:00Z,week 16,
NFL-2026-12-27-HOME-Chiefs-AWAY-49ers,NFL,Chiefs,49ers,2026-12-27T21:25:00Z,coming_soon,,,2026-12-22T12:00:00Z,week 16,
NFL-2026-12-27-HOME-Cowboys-AWAY-Jaguars,NFL,Cowboys,Jaguars,2026-12-28T01:20:00Z,coming_soon,,,2026-12-22T12:00:00Z,week 16,
NFL-2026-12-28-HOME-Lions-AWAY-Giants,NFL,Lions,Giants,2026-12-29T01:15:00Z,coming_soon,,,2026-12-22T12:00:00Z,week 16,
NFL-2026-12-31-HOME-Bengals-AWAY-Ravens,NFL,Bengals,Ravens,2027-01-01T01:15:00Z,coming_soon,,,2026-12-29T12:00:00Z,week 17,
NFL-2027-01-03-HOME-Falcons-AWAY-Saints,NFL,Falcons,Saints,2027-01-03T18:00:00Z,coming_soon,,,2026-12-29T12:00:00Z,week 17,
NFL-2027-01-03-HOME-Panthers-AWAY-Seahawks,NFL,Panthers,Seahawks,2027-01-03T18:00:00Z,coming_soon,,,2026-12-29T12:00:00Z,week 17,
NFL-2027-01-03-HOME-Browns-AWAY-Colts,NFL,Browns,Colts,2027-01-03T18:00:00Z,coming_soon,,,2026-12-29T12:00:00Z,week 17,
NFL-2027-01-03-HOME-Cowboys-AWAY-Giants,NFL,Cowboys,Giants,2027-01-03T18:00:00Z,coming_soon,,,2026-12-29T12:00:00Z,week 17,
NFL-2027-01-03-HOME-Jaguars-AWAY-Commanders,NFL,Jaguars,Commanders,2027-01-03T18:00:00Z,coming_soon,,,2026-12-29T12:00:00Z,week 17,
NFL-2027-01-03-HOME-Chargers-AWAY-Chiefs,NFL,Chargers,Chiefs,2027-01-03T18:00:00Z,coming_soon,,,2026-12-29T12:00:00Z,week 17,
NFL-2027-01-03-HOME-Dolphins-AWAY-Bills,NFL,Dolphins,Bills,2027-01-03T18:00:00Z,coming_soon,,,2026-12-29T12:00:00Z,week 17,
NFL-2027-01-03-HOME-Patriots-AWAY-Broncos,NFL,Patriots,Broncos,2027-01-03T18:00:00Z,coming_soon,,,2026-12-29T12:00:00Z,week 17,
NFL-2027-01-03-HOME-Jets-AWAY-Vikings,NFL,Jets,Vikings,2027-01-03T18:00:00Z,coming_soon,,,2026-12-29T12:00:00Z,week 17,
NFL-2027-01-03-HOME-Buccaneers-AWAY-Rams,NFL,Buccaneers,Rams,2027-01-03T18:00:00Z,coming_soon,,,2026-12-29T12:00:00Z,week 17,
NFL-2027-01-03-HOME-Titans-AWAY-Steelers,NFL,Titans,Steelers,2027-01-03T18:00:00Z,coming_soon,,,2026-12-29T12:00:00Z,week 17,
NFL-2027-01-03-HOME-Cardinals-AWAY-Raiders,NFL,Cardinals,Raiders,2027-01-03T21:05:00Z,coming_soon,,,2026-12-29T12:00:00Z,week 17,
NFL-2027-01-03-HOME-Bears-AWAY-Lions,NFL,Bears,Lions,2027-01-03T21:25:00Z,coming_soon,,,2026-12-29T12:00:00Z,week 17,
NFL-2027-01-03-HOME-49ers-AWAY-Eagles,NFL,49ers,Eagles,2027-01-04T01:20:00Z,coming_soon,,,2026-12-29T12:00:00Z,week 17,
NFL-2027-01-04-HOME-Packers-AWAY-Texans,NFL,Packers,Texans,2027-01-05T01:15:00Z,coming_soon,,,2026-12-29T12:00:00Z,week 17,
NFL-2027-01-10-HOME-Cardinals-AWAY-49ers,NFL,Cardinals,49ers,2027-01-10T18:00:00Z,coming_soon,,,2027-01-05T12:00:00Z,week 18,
NFL-2027-01-10-HOME-Ravens-AWAY-Steelers,NFL,Ravens,Steelers,2027-01-10T18:00:00Z,coming_soon,,,2027-01-05T12:00:00Z,week 18,
NFL-2027-01-10-HOME-Bills-AWAY-Jets,NFL,Bills,Jets,2027-01-10T18:00:00Z,coming_soon,,,2027-01-05T12:00:00Z,week 18,
NFL-2027-01-10-HOME-Panthers-AWAY-Falcons,NFL,Panthers,Falcons,2027-01-10T18:00:00Z,coming_soon,,,2027-01-05T12:00:00Z,week 18,
NFL-2027-01-10-HOME-Bengals-AWAY-Browns,NFL,Bengals,Browns,2027-01-10T18:00:00Z,coming_soon,,,2027-01-05T12:00:00Z,week 18,
NFL-2027-01-10-HOME-Broncos-AWAY-Chargers,NFL,Broncos,Chargers,2027-01-10T18:00:00Z,coming_soon,,,2027-01-05T12:00:00Z,week 18,
NFL-2027-01-10-HOME-Packers-AWAY-Lions,NFL,Packers,Lions,2027-01-10T18:00:00Z,coming_soon,,,2027-01-05T12:00:00Z,week 18,
NFL-2027-01-10-HOME-Texans-AWAY-Titans,NFL,Texans,Titans,2027-01-10T18:00:00Z,coming_soon,,,2027-01-05T12:00:00Z,week 18,
NFL-2027-01-10-HOME-Colts-AWAY-Jaguars,NFL,Colts,Jaguars,2027-01-10T18:00:00Z,coming_soon,,,2027-01-05T12:00:00Z,week 18,
NFL-2027-01-10-HOME-Chiefs-AWAY-Raiders,NFL,Chiefs,Raiders,2027-01-10T18:00:00Z,coming_soon,,,2027-01-05T12:00:00Z,week 18,
NFL-2027-01-10-HOME-Rams-AWAY-Seahawks,NFL,Rams,Seahawks,2027-01-10T18:00:00Z,coming_soon,,,2027-01-05T12:00:00Z,week 18,
NFL-2027-01-10-HOME-Vikings-AWAY-Bears,NFL,Vikings,Bears,2027-01-10T18:00:00Z,coming_soon,,,2027-01-05T12:00:00Z,week 18,
NFL-2027-01-10-HOME-Patriots-AWAY-Dolphins,NFL,Patriots,Dolphins,2027-01-10T18:00:00Z,coming_soon,,,2027-01-05T12:00:00Z,week 18,
NFL-2027-01-10-HOME-Saints-AWAY-Buccaneers,NFL,Saints,Buccaneers,2027-01-10T18:00:00Z,coming_soon,,,2027-01-05T12:00:00Z,week 18,
NFL-2027-01-10-HOME-Giants-AWAY-Eagles,NFL,Giants,Eagles,2027-01-10T18:00:00Z,coming_soon,,,2027-01-05T12:00:00Z,week 18,
NFL-2027-01-10-HOME-Commanders-AWAY-Cowboys,NFL,Commanders,Cowboys,2027-01-10T18:00:00Z,coming_soon,,,2027-01-05T12:00:00Z,week 18,